num_threads,speedup
2,1.922178
4,2.909927
6,3.817628
8,4.534504
