num_threads,avg_time_per_tick
8,0.003604
6,0.004281
4,0.005616
2,0.008501
1,0.016341
