num_threads,avg_time_per_tick
8,0.002601
6,0.003337
4,0.004111
2,0.005542
1,0.010952
