num_threads,speedup
2,1.976183
4,2.664241
6,3.282044
8,4.210075
