num_threads,avg_time_per_tick
8,0.000086
6,0.000096
4,0.000121
2,0.000176
1,0.000252
