num_threads,speedup
2,1.433051
4,2.092935
6,2.614930
8,2.917460
