num_threads,speedup
2,1.724317
4,2.501362
6,3.250453
8,3.662345
