num_threads,avg_time_per_tick
8,0.000169
6,0.000190
4,0.000247
2,0.000359
1,0.000619
