num_threads,speedup
2,1.865008
4,2.862814
6,3.783001
8,4.686690
