num_threads,avg_time_per_tick
8,0.003185
6,0.003946
4,0.005215
2,0.008005
1,0.014929
